XVPM,GWYH,TRAT,TLLZ,IGGA,HYKR,EDFS,GUUB,MGJM,JHZC,TARGET CLASS
1.568521679,-0.443434613,1.619807734,-0.958254799,-1.128481368,0.138335749,0.980493135,-0.932793918,1.008313068,-1.069627228,0
-0.112375937,-1.056573608,1.741917502,-1.504220148,0.640009359,1.081552213,-1.182663319,-0.461864349,0.258320687,-1.041546255,1
0.660646909,-0.436981454,0.775792848,0.213394129,-0.053170798,2.030872254,-1.240707385,1.149298061,2.184783601,0.342811292,1
0.011533028,0.191324052,-1.433472516,-0.10005318,-1.507223079,-1.75363188,-1.183561135,-0.888556886,0.162309611,-0.002793481,0
-0.099059225,0.820815322,-0.904346454,1.609014838,-0.282065455,-0.365098939,-1.09564397,0.391419252,-1.365602504,0.787762334,0
1.437243754,-0.827456668,0.84797494,-0.914267326,-0.102902888,1.375666881,-1.137473328,0.029738209,-1.101580247,1.240523035,1
1.192634412,-0.432091783,-0.97085515,1.238040324,0.982444661,0.728702219,-0.849378414,0.616466502,-0.956891064,-0.641065789,0
0.317560164,0.446607039,-1.67777219,-0.347079479,0.489673026,-1.024005959,-0.433189883,-1.198889186,-0.357902432,1.506390438,0
-0.581390552,0.249680724,-1.36831302,1.150714639,1.703935435,-0.059436903,-0.266295489,-0.519027142,0.496927588,0.4184716,0
-0.071149938,-2.01427349,-0.77899727,-0.462437523,0.007273297,0.867457841,-1.517317191,0.777843244,0.614483923,-0.695004425,1
-0.032701997,-0.422976239,-1.231088985,0.372274755,1.70089864,1.003362183,-1.154516971,-0.267636412,0.902770375,0.637554071,0
-0.91570146,-0.570925513,-0.025049328,-2.796507163,0.986831646,-0.933451139,0.703997271,-0.387312411,-0.43484833,-1.021076246,1
-0.830053723,-0.778453833,0.135719776,0.112674178,0.560730351,-1.531773848,0.717984878,-1.793535617,0.586727175,-0.131605799,1
0.616072163,-1.428160172,0.027437746,0.467905818,-1.199228697,-1.384727845,-1.613401197,-0.414404224,0.52221198,-0.698046679,0
-1.440873313,-0.478973705,0.357966896,-0.068686297,0.549294501,-0.500577308,0.861624477,1.624029481,-0.783955157,-2.00414667,1
-0.490680047,-1.374539586,1.520406252,-0.15486599,0.475059569,-1.191463467,1.473040496,-0.544364918,-0.17592855,-0.063003926,1
-0.718262075,0.211158897,0.094967074,-0.996590248,-1.955953451,1.00154825,-1.776752366,-0.209558315,-0.30230874,-0.935776025,0
1.621722403,0.649495096,-1.109135448,1.850291602,0.684260206,-0.834928988,0.781999745,0.861690369,0.326454595,0.104501428,0
1.631398678,-1.090560958,-0.310734191,-1.008244959,0.558267385,-0.302068762,-0.040062774,-1.518407045,-0.955687472,0.137457814,1
-0.207933541,0.675112268,-0.364604214,-0.337893441,-0.242083661,1.332010185,-0.695852675,-1.040698237,-1.74776435,-0.623408553,0
1.445227844,1.659829562,-0.137217725,-0.299555573,0.707335046,-0.566780405,0.068058844,-2.13381094,0.757162838,-0.149134898,0
-0.349414624,0.551833595,0.008874608,-1.025684928,-0.34175555,-1.115645415,2.652223635,0.104553694,1.185784334,-1.403577852,1
0.154011082,0.784277918,2.437002158,-0.08980292,0.104755822,0.865755155,-0.208204669,-0.496438536,-0.416470612,1.356353953,1
-0.501071367,1.43205098,-1.409811969,1.529354661,-0.094686719,-0.687704043,0.670600212,-0.031825568,1.295375255,0.198242181,0
-0.136469765,-1.630010433,0.480811361,-0.785479327,0.89851226,-0.995437936,0.028354237,-0.763611915,-1.458864714,-0.08522323,1
0.377557564,-1.739373798,-0.158993069,-0.094920368,0.697034419,-1.160543941,0.108502614,-1.03243676,-0.959775616,-0.088557076,1
-0.884350665,-0.586696242,-1.350121092,0.194955605,0.713047261,-0.029194458,0.554292809,-0.948350747,0.021410176,-1.28199883,0
-0.231572351,0.589081336,-1.673998713,-1.524544234,0.093799144,0.404345026,2.105089552,0.200581926,-0.489647982,0.094507933,0
0.875827701,-1.030653125,0.192780911,0.996667465,0.667384633,-0.484583443,-2.136073254,0.582685119,-0.908521154,-0.519781155,0
1.277274565,0.099092834,-1.79948668,-0.239736117,-0.930359238,0.532295061,-0.636310166,-0.684066648,-0.74620093,-0.592457112,0
-0.803355131,-0.796133441,0.171678779,-0.219164048,-1.265149477,0.111032566,2.15687917,1.167829531,-0.641873228,0.701623057,0
-0.675599937,-0.034251367,-0.037681048,0.802948148,0.361758798,-2.464821624,0.547805151,-0.932582953,0.159955591,-0.871852077,1
0.299030658,-0.636218261,0.705727571,1.679314493,-0.276886246,0.653108231,1.395496123,-0.357727271,0.029063326,-0.596157438,1
-0.325884558,-0.126775264,0.30650074,1.964400609,-0.225730985,-0.828167915,1.347023081,-0.566235209,0.410215326,-0.607360112,1
-1.442396798,-0.015339979,1.666689314,0.611568281,0.179621442,-2.097284576,-0.615943165,0.816046829,0.301468789,-1.114998667,1
-1.965239188,-0.027645523,0.084795385,-0.373342379,-0.414682707,-2.544215912,0.717512783,-0.04541684,0.266221144,-0.392959033,1
-1.464285757,-0.999340702,0.861549265,-0.628402183,0.483074673,1.401705211,0.556922277,-0.513019874,0.525375541,-0.984592049,1
-1.332259912,-0.703335491,0.846619581,0.509461587,-0.641673915,0.285604879,0.4036943,0.73757375,-1.585098016,0.960234647,0
0.270444591,1.573026453,-0.660059947,0.534913817,0.705338795,-1.265098653,0.758716433,2.080827583,1.322471007,-1.814439397,0
1.686925843,0.961830161,0.960871395,0.26187995,-0.255171002,0.232413783,1.317772778,2.996267531,1.456609466,-0.204440846,0
0.095787683,1.328996103,1.79597951,-0.30322547,1.293940718,-0.097932864,-0.890844533,-0.969482555,2.109642346,0.266481423,1
0.059038193,-0.812726355,-0.28981321,-0.487200468,-1.034202772,0.033160546,-1.426119703,-1.409150456,-1.138637627,0.382971335,1
-0.210475565,-0.703055043,-0.236962819,0.642413049,-0.34177838,1.895934916,0.854027741,1.100689371,0.93204358,-1.392485946,1
-0.611833799,0.887176069,-1.97427786,-0.935760425,0.830324087,0.235043,-1.515960605,0.032965869,-0.794674156,-0.322438089,0
-0.057793927,-0.685225802,-0.091823812,1.133556116,0.979764519,1.376020474,0.949921875,0.035115937,-0.872160212,-0.068634447,1
-0.979719048,-0.341624887,-0.460889538,-0.879782917,-1.508327066,-1.103455832,0.798628454,-0.555627683,-1.460971141,-0.279692912,1
0.499666884,0.282537582,1.577369842,0.315450654,1.667698922,-0.087536955,1.991738848,1.269495972,-0.47537873,-0.541477825,1
1.113245238,2.274132688,-0.161644369,0.229085923,-0.918235959,-0.444904244,-0.819468914,2.555188597,1.351475147,0.998143689,0
0.664540673,-0.913985556,1.440872069,0.480284729,-0.716830649,0.935101265,0.119283787,1.375177442,1.727286777,-1.555784945,1
-0.64967512,0.26838961,-0.723382228,-1.135369367,0.315326043,1.588735001,-1.703686398,-1.058242776,-0.265266145,-0.425646758,0
0.572196625,-1.044732658,0.643633704,0.172706147,-0.594107414,1.968477487,0.066438062,-0.312694196,-0.857196145,0.439541007,1
2.32244988,1.792192948,-0.561240239,-0.01344328,-0.969297097,-0.058849141,-1.144830605,-0.18577516,-0.700522265,0.033251194,0
0.35344709,-2.080189468,0.733350384,1.095755764,0.35121928,-0.775827135,0.212941848,-0.260054041,0.566868134,-0.139763312,1
-1.773738826,0.409571005,-1.517714556,-0.176254652,-0.089265629,-0.889353787,0.786352491,-0.59455668,0.27845477,-0.898493525,0
0.417486027,1.528351654,-0.940487385,0.894702307,-0.824480235,-0.817545551,0.769216785,-0.651421423,0.328925628,1.589642884,0
-0.748040242,-0.946178473,1.009019051,-0.155368938,2.144397644,-1.223171707,-0.420718723,0.689405432,0.785075216,1.362853722,1
0.170898193,-0.120431662,0.551378478,0.767264904,-0.836469241,0.52143753,0.403298394,-1.349140621,-1.46651284,-0.280138166,1
0.011553032,0.162033424,-1.636010805,-0.806922773,-0.037552418,0.509724438,-1.644727236,0.298923548,0.188204285,-2.03579134,0
0.03823257,0.801501481,2.515006155,0.120373336,0.620631293,-1.229427634,-1.05839781,0.86567393,2.055692881,-0.498054149,1
-1.213453698,-0.876431539,-1.406091588,-0.219212265,0.81154172,0.265426423,-0.183899138,1.097006264,0.517672052,-1.744860417,1
0.653997153,-0.057006276,-0.960264144,-0.37341152,-0.691607656,0.820171859,1.139893555,-1.609237908,0.714477028,0.994041303,0
-1.187675836,0.942807916,0.706365596,0.419647366,-0.036988494,0.512942271,0.425873165,2.022931609,0.966389468,2.221533318,0
-0.525443641,-1.246077621,0.186755544,1.22528821,-0.209485336,1.416696302,-0.554083826,-0.004449113,0.623609909,0.886896583,1
-0.115639501,1.174845221,-0.729617214,-0.688388089,-1.584660675,-0.02854703,-0.249512242,1.525340017,0.430281937,2.485462947,0
1.694106008,-0.576408356,-0.899255771,1.383390762,-0.218279854,-0.387786471,-0.782064156,-0.496165758,-0.538629823,-0.418486939,0
0.233808911,-0.920731662,0.149597132,2.028014192,0.824621833,0.024580951,1.043589955,0.84231334,0.539962006,-0.760715906,1
0.772162737,1.50952188,-1.734622519,0.164583113,1.713010902,0.485835574,-0.258338481,0.88258331,1.01092955,0.880131972,0
0.48889987,-0.393765792,0.465684955,0.994321956,0.253756513,0.291518078,0.816276377,-1.74576309,-0.486912124,0.636854471,1
-0.029182151,-0.829866444,2.525046509,0.128356695,0.956054193,0.199072111,0.564969654,0.487311602,-0.07425187,1.003075268,1
-1.043182435,-0.687004527,-0.004005695,1.785296194,-0.437540007,-1.29655743,0.008912541,2.113616387,0.571741926,-0.167132542,0
-0.005150622,0.128343757,-0.15208824,-0.98792173,-0.270733186,0.34070374,-0.091096672,-2.18097476,0.322511357,-1.698733224,1
-1.505045817,1.367161531,-0.802230182,0.010858377,-1.174771321,-0.58714509,-0.521924205,1.516931728,1.456938631,1.576253021,0
0.065453923,-1.218553029,-0.951205605,-0.657457598,-0.961183289,-1.470492321,-1.213400532,0.422134935,-1.337153255,-0.728987148,0
-1.521002231,1.270647011,0.427047982,0.52302213,1.425835998,-0.685177525,-0.217755294,-0.906451994,-0.342633833,-0.968359686,1
-0.38755723,0.479120031,-1.734825102,-0.567047521,0.826377384,-1.788691855,-0.495781635,0.600054392,1.165651168,1.7611075,0
1.444838311,1.658383515,-1.3073352,-0.126773086,-1.688778022,-0.088372005,-0.315805678,1.85665625,-0.675108353,0.224830906,0
-1.04943416,-1.2999054,-1.02272169,0.769055629,0.56629272,-1.368188619,0.157208463,-0.33870669,0.962763339,-0.08551302,1
-0.925387451,0.179603795,1.412020943,-0.000850763,-0.451605663,-0.549404203,-0.313081602,1.962484195,0.642668005,-2.503543129,1
-0.064624772,0.806920643,-0.024379305,0.939301845,0.58109976,-0.03274535,2.20562289,-0.28116724,0.787560492,-1.411512303,1
-0.599508655,0.449039775,-0.678424881,-3.050199025,0.039350222,0.624376512,-1.107076048,0.051521785,-1.188511275,-0.152731599,0
0.88586286,2.611640375,-0.439998363,1.087449688,0.580021546,-0.714715048,0.808419733,1.177740151,-0.151017535,-0.693050538,0
-0.85811276,-0.297803786,1.141842204,1.080675652,-0.516084652,0.264435138,0.298033979,-1.11596002,-0.777637838,-0.739630012,1
-0.955340844,-1.379385461,1.050851003,-1.030333861,1.61353958,-1.355064063,0.512024945,1.345816281,-0.723277817,-0.277571531,1
2.86392704,-0.547892968,1.428842815,0.770364953,-0.328092212,-0.31406961,-0.34029544,0.82391562,0.388834748,-0.158904199,1
0.48787059,-1.284577348,0.566190488,-2.984158132,-0.787202094,0.063536451,-0.602753316,0.758344586,0.134491083,1.459952617,1
-0.11770832,0.125012908,1.443283623,0.801003406,0.757314684,-0.785702211,-1.25122742,-0.166933293,-1.384932429,1.284669612,0
-0.236411137,0.507494708,1.591128885,2.083954766,0.542398068,0.60009822,0.346083901,0.991460483,0.249793314,-0.765714288,1
-0.993934293,-0.475242981,1.268589617,-0.338214171,0.674308718,-0.602382738,0.569095673,-1.48543977,-1.092002856,0.306297365,1
-0.608143048,-0.18733554,-1.217346927,-0.349493304,-1.76503151,-0.262672573,-1.602411207,0.59141519,-1.115858333,-0.489183015,0
0.298346051,-1.266486039,0.885353395,1.087099572,1.724487647,-0.049794302,0.929183749,0.312325291,0.226578845,-0.788179162,1
1.807256802,1.893937964,-0.8545458,0.462133382,-0.816672701,1.259537412,-0.839048633,1.445234676,0.547748982,0.347082192,0
-0.073840135,0.113882907,-1.282799954,0.279189296,-0.598019987,0.240025421,-1.43536396,-0.56422974,-1.134435986,1.237004858,0
0.713181402,1.384108613,-1.406578162,1.047710112,-0.56682747,-1.317583621,0.760295773,0.11897196,0.253190527,-1.348196817,1
1.233721532,0.682875316,-1.729638765,0.618965615,-0.345361136,0.334697056,1.674827189,1.540090761,0.758816448,-0.376824604,0
-1.259840447,1.206390551,-0.140462861,1.268807437,-0.970026804,-0.112068158,-0.651021453,-0.870190238,-0.620394445,-0.310946726,0
-0.834974454,0.549540126,0.62205621,0.289176177,2.449913543,0.969881978,0.435007995,0.610883169,1.609703743,-0.078026615,1
0.133730503,-0.828012446,0.676955171,0.600041277,0.268127756,0.510990213,-2.108236366,1.28140398,0.448880236,1.817168435,0
-1.586580354,0.773983743,0.202333137,-3.215174861,-0.259261051,0.439213216,-0.366792099,-0.441460697,0.092385893,-0.225019575,1
0.772775306,0.957469248,-0.93195833,0.52421435,-0.966353909,1.643229105,1.282912429,-0.017402228,0.267531629,0.892744719,1
0.98905845,-0.004177562,2.131226409,-0.076661421,1.817544693,-0.652674527,-0.492761979,1.349765738,-0.094958585,-1.458840913,1
0.312118229,-1.428845999,0.796803318,0.913403895,-0.253615836,-1.580636285,0.52859282,0.527797198,-0.721509193,-1.298220314,1
-0.202351465,0.676219838,-0.78546717,0.481152221,-0.687325769,1.40392555,0.703549043,-0.144435413,-1.522254255,-0.633635154,0
0.752899405,-1.63315983,1.263116314,-0.263792459,-0.045930523,0.665691826,-0.206122087,-1.250256501,0.144528967,-0.806804623,1
-0.76166937,-0.661833065,0.489812852,-0.946581053,-0.283810381,1.588635539,0.725423933,-1.548093571,0.390394648,0.326237204,1
0.13436013,0.680054729,-1.040799512,-0.169528317,-1.00337619,1.363806363,-2.480218912,0.378781897,0.819256095,-0.283643834,0
0.058225226,-0.628447827,-0.579425475,1.392340398,-0.329325231,-1.610531483,0.400376043,0.529385767,-1.477071062,-0.212069491,0
0.699929969,0.204539683,0.47193601,0.047094279,0.835894944,-1.875558392,0.621731657,-1.466777161,-1.261966772,0.33700252,1
-0.779665408,-0.515104365,1.716291338,-1.313628325,0.132431756,1.378149097,-0.757263824,-0.672774936,-0.893106955,0.015085557,1
-0.655553635,-1.89466654,0.116007574,0.844701004,-0.396382115,0.26310411,0.132607023,0.734854982,-0.247171891,1.230298531,0
0.904496036,0.087078217,-2.071813627,-1.640502249,-0.69159962,1.463441847,0.158672711,0.279231588,0.154549527,-0.222792229,0
-1.313059564,0.764201823,0.688478817,0.458195178,-1.20326177,-0.361358171,-0.185594762,1.403921041,-1.847059853,0.816074199,1
-1.115679113,-0.103575098,1.243382321,-0.721267974,0.250119587,1.400306978,0.872666897,1.660684488,-1.051751127,1.228308111,1
-0.793856055,-1.436362305,0.29538839,-0.26473626,1.853067605,0.148768263,-0.156182261,-0.193425997,0.951367811,-1.313216453,1
0.630080623,0.46116622,0.335925091,-0.284403681,-1.651249854,-2.328806283,-0.253720073,-1.110098707,1.556910741,-0.54249768,0
-0.099689266,0.095822605,1.803390059,0.63635536,1.39671111,0.737761469,0.850735555,-0.765562178,0.073241724,-0.80304257,1
0.236767605,0.231771475,0.061118531,-0.975355243,-1.353161336,0.356136514,0.112001698,1.146368948,0.928424137,2.881895771,0
-0.300847526,-0.662832014,1.9660484,-0.295413121,-0.280494404,-1.08797522,0.02607867,-1.112233857,-0.320407629,1.378388518,1
-1.003280878,1.149225129,-1.326822332,1.355739321,-1.342701567,-0.067945304,0.331447195,1.175759768,0.735744052,0.425695566,0
1.143260987,1.27177093,-0.5575777,-0.090271738,-0.204345472,1.155618065,-0.815111978,0.820252763,0.806620513,2.440261334,0
0.770033212,-0.327712317,-0.580215029,0.060195373,-0.09436233,1.800748001,-0.342390589,-1.159207668,1.617919803,0.68194637,0
-0.05421249,-0.736520721,0.447495133,1.362777801,-0.792226616,-1.981610836,-0.587606664,-0.862934429,0.122179228,-0.336514871,1
-0.747111171,0.33068906,1.128035983,-0.314244241,-0.154476592,1.097321516,-0.787037834,-0.418157744,-1.753708556,1.152371907,1
1.309674733,0.205839648,-0.105594419,0.775805267,-0.638794903,1.448306942,-0.117409708,-1.125560839,0.382325715,-1.28813861,1
0.806981297,0.656310276,1.37817843,-0.154064633,-1.096812414,0.15503074,0.719322214,-1.227533807,-0.590792327,1.607425653,1
-0.311000667,-0.55940295,1.683578017,0.445680403,1.098437909,0.495316515,-1.043846244,-0.745612861,0.590913426,-1.356792029,1
0.250014673,-0.114269441,-0.741389932,0.206040015,-1.669598157,2.209263859,-0.520227272,0.621311189,0.330815135,-0.450080148,0
1.448851508,-1.316014326,-0.754714164,0.112647939,-1.253031998,-0.783918839,0.488288901,-0.248691145,-0.890178592,0.528074217,0
0.0790911,-1.810923876,0.565533557,-1.066043656,0.425361961,-0.300040177,2.081982435,1.18154685,-0.398576277,-0.390243956,1
1.008333634,0.444404533,0.893168585,1.416378916,1.412227486,-0.243148148,0.167388735,-1.367386473,0.351671978,0.482356635,0
2.395126083,0.306971075,0.058694327,-0.756349794,0.755847396,0.257621572,0.540531821,-0.098172039,-1.121397161,1.622935322,1
-0.837654118,-1.692414381,-0.673982137,-1.520071732,0.028199283,-0.496568007,0.742163826,-0.350716387,-0.07268852,-1.302014293,1
-1.059158773,-2.126406839,-0.742530048,-1.439667832,-0.12784614,-0.124800421,0.426604024,0.243127035,-0.23716833,-0.070867034,1
0.280269554,-1.146652324,0.49715797,1.333626512,0.545798723,-0.369070047,1.090483038,-0.269065895,0.055257517,-1.454403912,1
-1.169774053,-0.050324802,0.945012267,-1.69549991,0.413364635,-1.698863744,1.364886904,0.191764853,-0.038103493,1.748514005,1
1.653379482,-1.542393823,-0.687025569,0.237206928,-0.300164351,0.67586623,-0.106314031,-0.248685309,0.615478734,1.239720757,0
0.510586525,1.265654157,-0.458233506,1.202813824,-0.252805505,0.719351827,0.342418998,-1.214659929,-0.988422615,-0.25889814,0
2.558866929,1.904093698,0.790575021,-0.906823372,1.555920164,0.185167278,-0.334421024,0.492425819,-0.402111239,0.06123943,0
-1.027912328,1.350187398,-1.602642386,-0.709326448,1.542242831,1.03926102,-0.821780279,0.154666941,0.304722308,0.151497242,1
-0.398679719,-0.517687944,1.130894681,-1.545546714,-0.127163439,1.784845059,-0.220351511,-1.418420242,0.208385995,-0.239983139,1
1.003322364,-0.942819603,0.320228983,0.635448212,1.148604864,0.41355937,1.336733594,-0.67357976,1.100410043,-1.089420244,1
-1.308358014,-1.021903992,1.00666653,0.110044003,0.214234809,-0.304063566,0.072093455,-1.056847384,0.988651602,1.466835189,1
-0.082506383,2.724301642,0.12807767,0.490612524,-0.393106032,0.553445085,0.570072857,0.006700645,-0.181551065,-1.357704518,0
-0.527892897,-1.485230114,-0.067096199,0.518536178,1.913678773,-1.230752088,-0.341485288,0.054036487,1.177714842,-0.122102875,0
-0.514753799,0.089037289,0.855033972,-0.654842499,1.381650761,0.200141547,2.521686131,-0.419990857,0.004211675,-0.354237406,1
2.286809779,0.785758017,0.943248342,0.019956772,-1.598503042,0.186278397,-1.642798495,0.958890099,1.366754178,0.602786203,0
-1.615487831,0.677554699,-0.685521542,-0.423995849,1.378390888,-1.762295952,0.041352817,1.700681011,0.663527527,1.461496709,0
-0.640726932,-0.1825664,-0.908251015,0.414340759,1.834485818,-0.638712487,-0.478891783,-1.330923267,0.560747078,-0.449670918,1
0.231008756,-0.075213804,-0.706194668,-1.30681523,-0.939896499,1.718502042,0.396357366,-0.229197909,-0.519846169,1.695483742,1
0.34679871,-0.646655584,0.813877584,0.180806524,0.98450857,-0.853087424,1.328520876,-1.656739207,0.767759464,-0.81420321,1
-0.298999129,-1.636145929,2.093661009,-1.058623782,-0.632179305,0.291700944,0.037626115,-0.440873612,0.783546208,0.43816591,1
1.395453869,0.868602518,-0.085382097,-1.478970287,1.505686363,1.94019166,-0.079624767,-0.731452725,-0.037535153,-0.179789878,0
-0.372888096,2.069261329,-0.442692308,-0.948471919,-0.276245756,0.84981146,-1.092643571,2.00456719,1.952055059,1.294065091,0
-1.372210538,0.225512211,-0.950861569,0.789871577,0.012962773,-0.080465887,-0.223005577,-1.548871827,-0.191290535,0.109066915,0
-0.89037724,-1.774580832,0.250468177,-0.286609002,-0.766211985,-1.184931055,-0.199495585,-1.018383791,-0.293407576,-0.357558925,1
-1.092950455,0.510454757,0.78263594,-1.071326255,-0.846078252,0.367990832,0.949662611,0.384368806,-1.535400846,-1.745371439,1
-0.337058804,0.930281931,-1.245263018,0.974423906,1.465427048,-0.129847991,-0.262336065,0.763293157,-1.285246236,0.847647831,0
-0.955792561,-0.355136153,0.846066701,0.211998099,-1.035475482,-1.19004788,-0.062023744,-0.817023662,-0.58258053,-1.763788157,1
-1.386267611,1.451224529,-1.607862915,-1.166923873,0.714981729,-0.571641902,-1.399898057,0.064980883,1.357428192,-0.437272098,0
0.813503923,0.578506699,-1.77327063,-0.336650916,0.432351418,0.899324984,0.652278956,2.405909412,-0.853500259,-0.514282842,0
-1.382786017,-0.468478171,-0.390068929,0.075188407,-1.75530291,0.349594771,0.359526288,1.902955941,-0.758789243,-0.793548405,0
-1.30029863,1.433098776,-0.104929901,-2.934395197,-1.123445943,0.529385107,-0.650563664,1.333867589,1.082222841,-0.488368133,0
-1.292724783,1.318230897,-0.26339337,-0.196087112,0.613122062,2.030850477,0.963950879,0.677733538,0.556090061,0.942983463,0
1.36009781,1.383268889,-1.5381529,0.294105261,1.645317537,-0.169483892,-0.005597075,0.566453105,0.186737588,-1.347175224,0
-0.437922656,-0.932221842,0.10401839,1.68959739,0.149863663,1.019266191,0.285603343,0.191259121,0.46807606,1.230000229,0
0.337552106,0.212183155,-1.772612053,-0.445600129,-0.063405337,-0.921086495,0.153856852,1.607704551,-2.017594002,0.16553653,0
0.800896611,0.264055052,-0.866875806,-0.877425274,0.822275137,-0.456075956,1.72700103,-0.646443951,-1.132843675,-1.306471477,1
0.597286707,-0.759602743,1.126802734,1.698406828,-1.312010749,-0.340777581,-0.826105694,-0.05308986,1.110512974,-0.633209261,0
0.569587063,-1.689740412,0.257412747,0.430801127,1.234619047,-0.092056988,0.926614193,-0.222842822,0.294700344,1.333315919,1
0.635197283,1.190508948,0.302649526,0.056931347,-0.407844702,1.626305506,-0.146081368,-0.588750382,-0.251594955,2.041626464,0
1.181122831,-1.196458619,0.647084556,-0.541519749,-0.243895494,0.616433567,-0.192767145,-1.354821367,0.853667299,-1.590607201,1
1.663427063,0.286084716,-0.26058945,1.49550926,-0.928745747,-1.072614768,-0.812845982,-0.174412089,-1.064199721,-0.277202661,0
-0.418361984,1.649442767,-0.449943721,0.973707487,-2.176197723,-0.730015533,-1.00303641,0.8225585,0.780110239,0.552333559,0
-0.322169659,-0.409247773,1.002931485,1.379113943,-1.891736218,0.020032403,0.163596834,-0.494910042,-0.243394544,-0.025563229,0
-1.093824031,1.570382667,0.390672401,0.985974449,0.778223026,0.720077417,0.351951421,0.614428791,1.068422336,1.789915052,0
-0.476798414,1.002561862,-1.107248476,0.036217674,-0.528345654,1.227282765,-2.071966487,0.379445906,0.538681762,1.295723384,0
-0.200123511,-1.191654426,-0.584957535,1.379069399,0.179084062,-0.601022125,-1.375216041,-0.695795263,0.945748418,0.207297268,0
-0.064159161,1.445513901,-1.306290766,0.118388213,1.715790876,-0.338063094,0.450869729,-1.238878318,0.339995501,-0.069009518,0
-1.875737548,-0.129895349,-1.199340272,0.002585306,-0.259672358,0.041093599,1.403176732,0.623339146,0.052703449,1.087574317,0
-0.479820308,-1.088090999,0.145138611,-0.970856605,1.940939321,-1.751265562,-0.064452967,0.191908987,-0.014655903,1.459692328,1
-1.673167263,-0.134160699,0.066997513,0.168225273,1.841835922,0.345782255,0.697250867,-0.836726516,0.60899452,0.066770672,1
0.060657041,-0.712460922,0.852780771,-0.50369745,-0.016775954,0.734656496,-0.429597407,0.155601991,2.89567546,-1.573125457,1
0.044994689,0.457301846,-1.977593277,-0.557096668,-0.420204411,1.184498547,0.347009345,-0.718262216,0.159659696,1.046786275,0
2.093189949,-0.025483876,1.304115882,1.456123791,0.746782813,-0.46312516,-0.225456801,-0.371804455,0.631586486,0.789335878,0
-1.394640427,-1.540958869,0.054364905,-1.519169525,-0.622452242,-1.561822212,0.091867631,-0.454552479,0.103774534,-0.766528329,1
-0.454089173,0.236339089,-0.574115152,0.19561086,0.300955781,-0.690910522,1.171434378,-1.307067004,1.683340589,1.530157781,0
0.974320783,-1.05242179,0.152121351,1.673241848,0.478502687,-0.83493173,-0.195738323,0.839910261,-0.468122603,1.459733023,0
-0.313644678,-0.26902224,-0.588719018,0.432571285,-1.142255376,-2.342701044,-0.048444061,0.183906002,-1.376158545,0.309056251,0
0.431210465,-0.68385113,1.561158352,-1.753483623,1.045016957,0.528756543,1.618737351,-0.536345438,0.81925748,0.86421759,1
-0.010681285,0.646399885,-0.79314112,-1.161695589,-1.14999053,-0.525385135,-0.630746365,-1.082486856,1.325358577,-2.106383943,1
-2.176413463,1.151124641,0.689925267,0.33256147,-0.76300879,0.156378636,-1.497374523,0.628903929,0.250392097,1.070247031,0
-0.213006195,0.525266292,-1.338088156,0.140947516,-1.336543757,0.266846138,0.580644209,-0.681983428,-0.893646507,1.212209496,0
-0.075407051,-0.341344994,2.418127436,-0.396535411,-0.13203764,0.601090826,0.981716491,-0.024296745,0.878314313,1.51866858,1
0.745100212,-1.902365598,0.050167705,-0.788048492,-1.813259202,0.08975004,0.990701674,0.752297911,0.979098085,0.479781232,1
0.990957536,-1.749867921,-0.014474274,-1.501905644,-0.796030712,-0.457938255,-0.898766045,0.156208336,-1.515188249,0.118327096,0
0.509278151,0.372326565,-0.162185486,-1.586053571,-0.285094476,-2.112736344,-0.639151628,-1.586715769,-1.020200424,0.558123114,0
-1.90693976,1.567572357,-1.16896174,-0.620374336,-0.904738854,-1.395241636,0.219861825,0.638813397,0.043054412,-0.908808221,0
1.482520874,-0.730235458,0.773336107,-1.88793992,-1.346803255,-1.394584302,1.625888393,0.443607625,0.740133219,0.908434757,0
0.117285716,0.180572097,-0.27374639,-1.110743572,-0.003983218,1.751708637,1.473668424,-0.712374449,-1.147095657,0.415369278,1
-0.182650064,-0.847086008,0.250301626,0.441335872,1.231138634,0.280395032,1.933682139,-0.610537547,-0.496723942,0.009680341,1
-0.132654234,1.175375927,-1.737490189,1.00574454,-0.175615847,-1.202966876,-1.061610665,0.274738076,-0.852959625,-0.383835688,0
-0.533728392,0.990869907,1.12719456,0.338818802,0.679346614,0.929240628,-1.946365759,-0.595819849,0.701738051,-1.365566983,1
-1.371536637,-1.419833588,0.566367229,-1.018973855,0.288371685,-0.16763451,-0.581151495,-0.509199149,-1.40928666,-0.22866486,1
0.948795405,-0.196652617,0.570642626,1.228448105,1.004627812,1.35910652,-0.478874339,-0.334186639,-0.873056223,0.781169397,1
1.595158832,0.329786866,-0.688923984,0.20427942,-2.234023343,0.528445826,0.496930887,0.471726057,0.55946698,-1.275443164,0
1.639821583,0.407707942,-1.484743224,0.542021572,-0.591423475,-0.774243095,-1.812015826,0.137852644,-0.012474133,0.992729223,0
0.720970616,-1.442704517,-0.331691955,0.745656733,-0.082599286,0.370966547,0.412980932,0.66315087,0.355626038,2.068892892,1
1.812247188,-0.646421618,-0.58228201,-0.282228068,1.446052805,-1.167163575,-0.338749248,-0.233103081,2.17465264,0.693413739,0
-1.449789469,1.331195867,-0.076966946,1.140703601,1.212276301,0.315770771,-0.873920104,-0.775621528,0.407495115,-0.070556471,0
-0.200157902,-0.163451449,-1.393413486,0.526759913,0.520476218,0.91120149,-0.359877276,0.600787666,2.611943857,0.538744586,0
-0.142355668,0.919441226,-1.531169439,-2.089223589,0.50329674,-0.301025871,-0.48918919,2.323491998,-1.341965951,0.417160354,0
-1.339082193,0.296555216,0.486094749,0.038645528,0.840152852,2.390271747,0.708144192,0.725411791,0.187045282,-0.158236898,1
0.580053807,1.374861357,1.383370902,-0.079190501,0.949269711,0.146133041,0.542518153,-0.719729825,-1.852391402,-0.340868307,1
-0.980636165,0.865785288,-0.989963314,1.079624735,-1.058695673,-0.691707293,-1.163387983,-0.781535569,1.286071996,0.121686626,0
1.613969222,-0.661378511,-0.070965204,-0.653547237,1.493134846,0.773377037,1.327469683,0.689420704,-1.134550277,-0.791420064,1
-0.041135885,0.1273221,-1.187788501,0.533169506,1.392494282,1.348081151,0.967060102,0.687035443,0.250930811,1.320056112,0
-0.624375894,-0.291153887,0.36843333,-0.827018959,-2.058997324,-2.409734354,0.821998266,0.194444976,1.015993182,-0.417511541,1
-0.064554931,-0.272038571,0.810214281,1.097042643,-0.127054288,-0.48776582,2.028099554,-0.155232167,0.925806608,1.424508856,1
-1.27253392,-0.757889365,1.772370482,-0.191550511,-0.460122672,-1.741633284,0.289777101,-0.859521208,0.183308927,-0.092231406,1
-0.799353925,-0.763294675,0.009905443,-0.395619592,0.998370111,-0.272901286,-0.675709299,-0.572750247,-1.541025247,-1.483933846,0
-0.042526562,-0.436947715,-0.621014606,0.793535445,0.218376523,2.040585464,-0.03121546,-0.16677251,-0.185547666,1.098987853,0
1.253111753,-0.554967931,-1.288714313,-1.506115573,-0.843430269,-1.384518759,-0.27440441,-0.70738484,2.052542124,0.160296495,0
0.547468753,1.202830376,-1.350987227,-2.060170865,-1.110547872,0.041637362,0.6981323,0.718421016,2.196668629,1.028887107,0
0.458440903,-1.112834984,1.831025665,-2.142111913,0.838824673,-0.117125971,-1.702025716,0.691509651,-0.577129264,-0.118790971,1
-0.72776295,-0.009652121,-1.193450059,1.107346977,0.521414621,-1.643113173,0.403136165,0.244259548,-0.663006738,1.164956229,0
-1.319666173,-0.670691468,1.560365159,-1.10889992,0.344901951,1.117279321,-0.868363128,0.271282705,1.428905713,-1.35075636,1
-0.173075344,-1.326638347,1.176285127,0.571117283,0.562464234,-1.169936053,-1.126244972,-0.922937856,0.121216286,0.966485974,0
-0.141736634,-1.917576332,-0.025430695,0.754138993,0.222405409,0.613852573,-0.167647925,-0.792291264,0.957645406,-0.267467452,1
0.803257248,0.083398789,-1.282598549,-1.14129852,1.320425811,0.327777815,1.514159011,0.363538339,-1.463567553,-0.083612822,1
1.551817555,1.524769849,2.121112571,-1.597375686,0.461199455,0.331653003,-1.3018866,0.644451046,0.669826176,1.259502376,1
1.114284777,-1.754611609,0.596156463,0.704354358,1.227467334,-0.033755258,-0.624430568,0.086948356,-0.295350091,-0.962307473,1
-1.974775532,0.756023374,-0.978317334,-0.554432208,-0.8667135,-1.330343971,0.473441213,-0.28807904,0.146492199,-1.229328659,0
1.72137743,-0.221008982,0.515352002,-0.910847787,-0.089085919,0.462862492,0.68928992,-1.434225592,-0.363679604,-1.638013264,1
1.995309246,1.24525056,1.040889408,-1.346633296,-0.217635287,0.325285833,1.003101852,-0.196311791,0.592203937,1.989197291,0
-0.449196079,-1.647542261,-1.326451575,-0.257153531,0.741573119,0.110513741,0.928048591,1.466343763,0.200513001,0.99607371,0
0.265962556,0.561296027,-0.646415519,1.840527656,0.387374766,-0.604697837,-2.083206451,0.307826037,0.156647311,0.761401147,0
-0.941382988,0.190683578,-0.93149358,-0.837546327,1.383537239,1.537595972,0.097093329,-0.622020114,0.346527822,-1.209453396,1
-1.289091224,1.010139326,-0.701643796,0.190010986,-1.351593887,1.612145672,-1.214324767,0.152464783,0.190528235,-0.223890877,1
0.2677259,-1.236836727,0.498456995,0.261729952,0.813738869,0.368973052,-0.874581849,-0.927340911,-1.083302303,-1.125603218,1
-1.08116662,-0.772236741,-0.842499982,-1.606905708,1.494081529,0.797019866,0.443888628,-0.057257181,-0.354496782,-1.060624783,1
-2.005473969,-0.11700444,0.224566936,0.504597558,1.107255879,-0.388277974,1.71016305,0.258765099,0.834771107,-0.103667901,1
0.169658182,1.322586632,-0.840065241,0.278861867,-0.008765596,1.158345311,0.696337882,-0.664381434,0.774001196,-1.904705758,0
0.310749246,-0.772688037,1.284734554,0.57551346,-0.487486193,0.465245679,0.124318375,-1.531458201,1.499250485,-0.763193104,1
-0.875143859,-1.617512291,1.03033265,0.393423468,-0.697486159,0.510972172,0.962837457,-0.441104107,0.811441251,-0.345671605,0
-1.477252224,0.324807705,0.14667334,1.364330167,-1.136257292,0.054485496,-1.592203247,0.306706691,-0.262348176,-0.676430438,0
-1.393116623,0.855133611,-0.434476558,0.912871677,-0.212879295,-0.356543803,-1.494647594,-0.325886229,1.963157497,0.808671441,0
-1.168207693,0.136913846,0.423084951,0.328282215,0.218184905,0.369481533,-0.340867316,-0.171623796,-1.37792614,-1.981900224,1
-0.646578197,-0.699291547,0.851709494,0.824135274,0.41426076,0.97953289,1.929920388,0.329732274,1.332518104,-0.263008482,1
-0.684268544,-1.850201673,1.483601439,-0.524761615,-0.837259236,0.839898592,0.621696991,0.464076222,1.118470333,0.208534389,1
1.328323845,1.33141659,0.10271716,-0.436044023,-0.106713784,-1.552519157,1.478454465,0.279508142,-0.429013423,-2.108774272,1
1.11507095,0.372308598,0.422234607,-0.931832034,0.185092106,0.586591631,0.359289001,-1.274428007,-0.783529813,-2.119885805,1
-0.656697384,-0.838678176,-0.121804623,-0.312098384,0.868243854,0.67842451,-0.334895973,-1.277902134,-1.086761419,-1.040366722,1
0.027178226,-0.3353208,-0.355112293,-0.630038159,1.110664693,-2.374861782,0.317023933,-0.212352427,-0.964911059,1.508713507,1
2.355811582,-0.65935345,-0.279303853,0.900463574,0.042056841,0.822205957,-0.860695039,-0.082867821,0.031084097,0.843704558,0
-0.426659974,0.511769508,-0.466243297,1.486713816,-0.251198419,0.671468958,-0.755250915,0.727209349,2.658134681,0.325282798,1
-0.906361577,0.723293453,-1.438670047,-0.411600772,0.052716647,-1.167384364,-2.080113428,-0.314276542,0.153453086,1.154627767,0
-0.810049472,0.264728482,1.621791044,-1.564821292,0.543258055,-0.19366501,1.939255737,0.891825145,-1.216934334,0.680947946,1
-0.721958064,-0.190346582,-1.165233568,-0.074496347,-0.95180934,0.66385062,-0.211100702,-1.261564985,-1.014555993,-0.183477395,0
0.619963774,-1.971782415,-0.805609606,-1.99192635,0.700559896,0.843120971,0.337555383,0.324775868,0.316965256,-0.348266334,1
1.513861409,1.235748469,-1.367724251,0.82772428,-0.877712781,-0.059318625,-0.067854563,0.8887938,-0.253082845,1.613960169,0
-1.04059892,-0.543383854,0.228241994,-1.216786258,-0.48257729,-1.297046641,-0.636278459,-0.11900085,-1.73404584,-1.437224667,1
0.794924806,-0.006326386,-0.405346706,0.952794599,0.861537324,-0.908095169,-1.420524309,2.15090348,-0.522910556,1.677339951,0
-1.779371671,1.750718288,-1.273655686,-0.365819181,0.010812903,-1.004025763,-1.142771076,1.607467052,1.236634404,-0.244589076,0
-0.178920468,-1.454575224,0.131604978,-2.428478433,0.881143142,0.443791023,-0.836924886,0.282785578,-0.32565953,-1.452927553,1
1.225452487,-0.486643967,0.031569914,0.007760357,-1.454569319,-1.404768103,1.924678548,-0.5470238,1.011816677,0.22621915,1
1.01428309,-0.637038927,-0.711114916,0.364564198,-0.186698938,0.238254025,-1.592260364,-0.192423376,1.64083289,1.75025351,0
-0.857882881,1.560743966,-0.348270451,-1.70937226,0.590127106,-1.040428654,-0.006546487,0.927080413,-0.621257543,2.312620937,0
1.42608673,1.055020202,0.001537669,-0.568451769,-0.764757988,0.61474269,1.051930332,-1.769813089,0.628022761,-1.064662421,1
1.227096079,0.458156253,-0.907128612,1.342507512,0.931632123,1.377199787,-0.326850584,0.016988296,-0.640936268,-0.168499105,0
1.01733195,1.173746823,-0.777969662,1.864277985,-0.700604655,0.551498045,-1.103373751,0.534136579,0.06470855,-0.853222202,0
1.276516786,-0.478647247,-1.641419114,0.68434906,-0.451663006,1.287964041,-0.514658009,0.771219014,-0.50049369,-0.346020333,0
-1.526893987,1.676262888,1.383926465,-1.137613392,0.519924457,-1.521685651,-1.032111499,1.173006646,-0.563228315,1.164955584,0
-0.562236988,-0.649570719,-0.486325698,-0.354711135,-0.64863615,0.054968793,-0.116267351,-2.073659816,0.296136115,1.065178228,0
-0.80549711,1.312314246,-0.785063058,-1.258069039,0.010196484,1.084137557,2.024371688,1.141841666,0.428216009,1.229799236,1
-1.187902813,0.562982225,-0.949170397,1.70711434,0.051241481,0.133405307,0.767374119,-0.332354602,-0.038562226,0.424221866,0
1.059536663,1.039553009,-1.063988413,0.585831606,-0.962662265,0.372326883,0.589524307,-0.2463991,-0.618968941,1.715747855,0
0.07310626,-0.381958563,0.370765778,-0.740929124,-0.399114628,1.817317554,-0.686201734,-0.824974633,-1.433619915,-0.684168191,1
-0.965769796,0.308608925,0.21910396,-0.530301161,-1.873933741,1.341204247,0.768351064,0.147294231,-1.207479061,0.235091988,0
0.855127017,0.353686621,0.695120021,0.697851085,-1.106533284,0.483664719,0.53382307,-1.589201326,1.872145678,0.013475579,0
0.978493549,0.720580618,-0.267212958,0.390892176,0.904802698,2.23358761,0.944369938,0.501226034,1.614515218,-0.300239929,0
-0.137796687,1.182237562,-0.610555913,0.30715241,1.28312394,0.112482796,0.169971631,-0.238136441,-1.566375824,-1.525943755,0
0.272477194,-0.406723266,-0.329482524,-0.338196214,1.154969512,-0.044084648,-0.446885255,-1.36384093,-0.305443166,-2.048491481,1
-1.036625455,0.008205372,0.431713518,-0.764559655,-1.521441004,1.35070686,0.394180841,0.525079264,-0.789447244,-1.661276376,1
1.058117242,0.350091855,-1.735345113,-2.043942347,0.368724318,0.149478513,0.046711355,-0.909139283,-0.91385449,-0.346556051,0
-1.011461942,1.221280883,1.716003976,-0.260099946,0.946607449,0.575836152,0.537707784,0.311558298,1.036642362,-1.943257597,1
-0.999188084,0.055397343,-0.557145195,-0.344743166,1.326149326,2.035230013,0.336105433,0.115098734,-0.67246531,-0.464894975,1
0.631993249,-0.175346869,1.084218973,0.644154295,2.218171593,0.445849096,0.378450923,-0.96866064,0.730591825,-0.135214732,1
0.464478646,1.034254091,-1.148138374,-0.155347514,-2.421297609,-1.11199582,0.869795013,0.155513172,0.428725822,0.731947593,0
-0.086456982,-1.659916862,-0.331992788,-0.037908414,-0.08223897,0.489482749,0.251428253,-0.565278506,-1.453955605,0.41887533,1
0.303601849,2.429223379,-0.472007609,0.229663902,-1.334056014,-0.725726147,-0.589494671,0.530627272,-0.813435675,1.338403055,0
0.595305371,-1.486045844,-0.445146078,-0.414299712,-1.050137043,0.893458505,-0.625178116,1.70599432,-1.403236068,0.271892826,0
-2.174751942,-0.018554109,-0.079399266,0.982093112,-0.321719897,-1.130539563,-1.106023251,0.194763483,-0.452991792,-0.32247399,1
0.587166878,-0.277253155,0.708175037,1.8477268,0.97799345,1.426982445,-0.407483618,1.126185631,0.404764778,-0.794026077,1
0.296356171,0.0856745,1.837871565,1.071908101,-0.367484993,0.789797591,0.43971673,0.463805676,-1.190681953,1.123547433,1
0.439189456,0.539782023,-0.2107643,0.751951453,0.374756453,-2.063338545,2.273837536,1.100654339,-0.430452425,0.180440451,1
0.422540561,-0.374960399,1.169419299,-1.086010247,-2.100561608,0.48981136,1.30496438,-0.835426197,-0.017499082,-0.110865939,1
-0.351717345,-0.421158057,-0.856362658,-0.706035286,-0.312502148,-0.421749767,-2.019597356,1.637366403,-0.193010248,2.084118048,0
-0.917380879,1.413778529,-0.706073403,0.820343339,-0.273147994,0.052520701,0.05613984,-1.73879133,0.700965031,0.138207195,0
-1.535207404,0.018206339,0.262512092,-1.516198539,-0.323069096,1.202171004,-1.69260512,-0.52675552,-0.81785703,0.036373911,0
1.747582595,-1.221593493,-0.952873666,-2.510831554,0.85484127,-0.579727958,0.457152288,1.344597704,0.598795488,0.508832038,1
2.030168448,0.7564285,0.400900801,-2.127890474,0.111340613,0.692707054,1.059214631,0.209663352,-1.535056746,-0.354606889,1
2.398216827,1.256308513,0.259920264,-0.451868459,0.329684209,-0.935485415,-0.426665863,0.079507922,-1.926331966,-0.003653075,0
-0.464932466,1.993652103,1.482964134,-0.430403296,-0.827214703,1.04169369,-0.060185315,-1.075695728,0.547903439,0.887163316,0
-1.798860481,1.566030863,-0.506056124,0.309724426,0.05351252,-0.487333569,1.461959734,-0.523821032,0.239209713,-0.566471476,0
0.897179919,-0.451158882,-0.019292286,2.212430222,-0.083137817,-0.452732557,-0.07660958,-0.307458831,-0.548104387,-0.668733998,0
-0.065997201,-0.449493678,0.438853004,0.244749254,-1.419445858,-0.807404572,0.082064623,-2.025706935,0.351828607,0.677883015,0
0.30260068,-0.911822934,2.200436162,0.961506806,-0.776222502,-0.398024158,0.663124804,0.130140019,0.461530996,-0.955527379,1
1.191861365,0.421526725,-0.994361077,1.702856599,1.476419309,-1.049503097,0.316466578,1.026845337,1.195818872,0.346264129,0
0.716146715,-1.930382825,-0.1455794,0.901329979,-0.688414395,-0.780819785,0.929914811,0.971358253,0.283779052,0.914774406,1
-0.249718261,0.793698903,1.460966207,0.582677859,0.425818369,0.019622089,0.253787624,-1.881145046,-0.370980201,-0.788287373,1
0.488928563,-1.278815929,-0.229970639,-1.575026421,-0.789928572,0.739806098,0.702707364,0.012131854,-1.135984758,-1.439272398,1
-1.131378197,-0.260337134,-0.033500451,-0.641936225,1.781081006,0.460926873,-0.908699766,1.701135109,0.242288645,-1.953959782,1
0.331675301,-0.68922274,-0.880557421,-2.36540787,-1.672267831,-0.680044749,-1.052291259,1.816567027,-0.530491373,-0.681186328,0
-0.464144789,-0.652718271,0.254002241,0.071161231,1.074499701,0.009795663,1.550710599,0.210625792,-1.875722502,-0.035105541,1
-1.000621166,-1.611189819,0.55481902,-0.919699421,0.87462152,-1.014117348,0.623169748,1.199638189,-0.828941369,-1.345946736,1
-0.615778397,0.470532305,-1.163546315,0.245205655,0.928416972,-0.890694486,-0.127500494,0.802543968,3.060964109,0.316108036,0
-0.012095158,-1.151226813,0.754433391,0.681921591,0.200117151,0.06536645,-1.304704521,-0.106198696,1.906822873,-1.580927982,0
0.596105735,0.772147256,-0.66698421,0.675582447,1.356250195,-0.159789551,0.015039388,-1.719779298,-0.352710701,0.798190426,0
-0.603497058,2.378899203,-0.509712455,0.411197288,1.167548885,-0.271181888,0.032279095,-0.859000483,1.451885313,0.143865035,1
-0.255786937,-0.406908295,1.758883141,-0.302524514,-0.807483662,-0.371498256,-1.989852605,-0.400139334,-1.129010766,-0.499380891,1
0.558388782,1.664909572,0.176803574,1.073691733,1.342329776,0.023893089,2.023631883,0.953749073,0.397373074,0.646772806,0
2.694873431,-0.510134147,-0.372808386,0.358695639,-0.084336233,-0.206616721,-0.484125247,2.294655982,-0.484096414,0.548369702,0
-1.589147901,0.647618224,0.672623644,0.008410681,-1.880553902,0.47604477,-0.006507166,2.323407541,1.42158145,0.245386986,0
0.460214733,0.800309886,-0.776136118,1.254959382,-1.229754987,-0.246984535,-1.883845352,1.712163765,-0.453768916,0.758607136,0
-0.804991362,0.308617787,1.881324967,-0.272562385,1.393220358,-2.069020225,0.082402275,1.006098954,-0.731714716,-0.931371082,1
0.986876991,-0.435229624,1.895358654,-1.325203047,-0.509031511,-0.128693323,0.874719716,-1.03205376,1.047001644,-1.453213083,1
0.031509771,0.077513324,0.835837179,1.780546978,-0.105725754,1.668594701,-0.948474193,1.228551785,-0.415257303,-0.099649904,0
0.545674851,0.379832581,-1.195333557,0.321830558,0.632062988,0.513124906,0.684178003,-0.908350079,-1.592824663,0.273562995,0
-0.178004176,0.699659814,0.074140207,1.53769347,0.274784331,-0.298751311,1.164250473,-0.211387377,-1.633373846,-0.274725564,1
0.691287872,3.009947718,1.019338346,-0.30160949,0.051104601,0.304143074,0.510429767,-0.19100154,-0.464516843,-0.777512554,1
-0.737430782,0.193545403,0.100495362,-1.505735039,-1.276101034,-0.666720171,-0.067733512,-1.578645908,-1.073748434,0.999306908,0
-0.639049241,1.101055749,-1.551723339,-1.601039026,-1.544105546,0.302821346,0.063393337,-0.817161954,1.051778665,0.459492859,0
0.244978162,0.762271905,-0.889570566,1.368497315,0.490612082,1.17036571,0.830634011,2.02665669,1.267362347,-0.84160699,0
0.531615617,-0.945626092,0.00670294,0.400999285,0.049999175,1.757763766,-0.835933612,-0.241406502,-1.046657577,0.835526133,0
0.040428465,1.186294003,-1.028417776,-0.048337816,-2.018408621,0.622760417,-1.582962452,-0.076508077,-0.305677546,-0.578509594,0
1.082847949,-1.475536715,0.140104525,-0.807611572,-2.333189777,-0.574713705,-1.015329533,0.83316186,0.825582123,0.538240603,0
0.062901919,-1.428818761,-0.72399052,-1.292223038,0.56500249,0.030185994,0.44363737,-1.595204405,0.050332687,-0.72891409,1
0.732315708,-1.781022843,2.070843063,-1.63213417,-0.544203468,-0.508734195,-0.325997622,1.204081288,-0.401463082,-0.162499101,1
0.935841537,0.552590061,-1.37263629,0.378253981,0.916927792,0.365400425,-1.347374981,-0.853848578,0.899254283,1.316637039,0
0.915069998,0.14144533,-1.151668034,0.796823862,1.096895089,0.48746415,0.73147537,-1.082593021,1.069438974,0.880097059,0
0.387716646,-0.26580802,-0.540758773,2.016756821,-1.136510377,0.503134183,-1.151563668,0.037837475,0.459162819,-0.22122716,1
-1.532570088,-0.356391519,-0.839125335,-0.073485989,1.275892799,0.916233726,-0.189023605,-0.299521772,0.400771819,-1.369516669,0
0.995778297,0.241119408,-2.34008343,0.329961371,0.116362362,0.093447343,0.286915628,-0.505431001,0.818261202,-0.577499571,0
1.561740102,0.457112434,-0.932059801,0.605591874,-0.825715927,-1.758815154,-0.595308986,-0.581221866,1.862672439,0.570700456,0
1.400299458,-0.378700065,0.92624533,0.02336737,1.437355762,0.936255593,0.555561823,-1.179561935,-0.339236145,0.761152903,1
0.458371736,0.033825465,1.918500498,-1.327483802,0.860170184,0.730478906,1.494503349,-0.975582439,-0.38681375,-0.242814409,1
1.909899449,-0.673524196,-1.579630261,0.146208818,-0.642514158,0.816323269,-0.319009185,1.722505977,0.706227041,-0.68482039,0
0.713162995,-0.394006946,-0.800444038,0.465704162,-0.171519115,0.874445871,1.045403884,-0.517030074,1.615032888,1.597632844,0
-0.102071036,1.334433007,0.053924746,2.108182247,-1.179053857,-0.116385665,-0.925470859,0.170007015,0.443311827,-0.843652339,0
-0.759329866,-0.547339531,1.269021421,-0.427952752,0.58278119,0.802188741,1.409154551,-0.271504245,1.542182422,-1.504108762,1
1.292381937,0.407466207,-0.111098851,0.75991785,0.127887472,1.015626487,-2.555607388,1.470648641,0.125024125,0.78771556,0
-0.525444925,-1.694775582,1.194258163,-0.720269659,0.663587032,-1.112600367,-1.463174923,-0.127320522,1.485640031,0.720962433,1
-0.093690733,0.601010579,1.560917488,1.494033448,1.889057992,-0.087520763,0.294284612,-0.22956054,0.83057797,0.20501517,1
1.723903896,-1.203988565,-0.587032029,-1.295421778,-0.364786892,-0.143260225,-0.712765785,-0.774493577,-0.691653145,-1.263679025,0
0.81135072,-0.4708597,-0.565406325,0.133019399,-0.364848378,1.74090577,-0.136168834,2.40126797,-1.057116195,-0.610176272,0
-0.206380532,-0.968696773,1.440101742,0.319569387,0.239643706,-0.245973264,0.425909009,-0.064648575,0.205229315,2.310502026,1
0.37533603,-0.42571842,0.402316723,0.718455794,0.845677018,0.234323236,-0.662054109,-1.082475758,-1.535977733,-0.968916592,1
-1.083499591,0.504179951,0.105547435,-1.678642697,1.024345322,0.418353421,0.446430331,-0.68680108,1.945551627,-1.702762925,1
-0.283826583,-1.051362018,-0.88235669,0.474509136,-0.467665281,0.460111542,-0.137659004,1.236334209,2.246556944,-1.429703005,0
-0.274822225,0.164079923,-0.167842996,0.505619176,0.398163248,0.297744529,0.133554059,0.857792804,-2.648319311,-0.405908285,0
-1.075947435,0.15646638,0.49915622,-2.002472651,-0.505516418,1.424466248,-1.524267621,-0.798196893,0.523689413,-0.934864246,0
0.316639441,0.185356314,0.486912708,1.638067846,-0.713217564,0.556107778,-1.013181504,-0.244995442,2.205095076,0.725734751,0
0.12136497,0.665020871,-0.670195489,0.260021777,1.506944611,0.907453517,-0.362081644,-0.745907855,-0.649115113,-1.64208436,1
0.20569439,0.525391726,-0.661865943,-0.401150339,0.421506316,0.883056994,0.043137774,-0.980063063,-1.346393966,1.766224366,0
1.563097409,1.817309091,-1.613804688,-1.076968377,1.242550428,0.026258763,-0.297791144,-0.66743629,0.582103682,-0.112883002,0
-0.929981362,1.890641058,-0.636489822,-0.397840484,0.913751357,0.675995414,0.816572763,-1.191027197,0.866416721,0.716108679,0
-0.173219041,-0.372138609,0.235324829,0.732447793,0.056611037,1.410367017,-1.397665695,-1.234006476,-0.548866187,0.0643654,1
0.213004751,1.36538102,0.12961286,-0.060602145,-1.640765654,0.021772457,-1.055276576,-0.760418804,-1.215986985,1.305068863,0
1.293360194,0.793751495,-1.741264811,-0.727842407,-0.401063503,1.71051471,-0.564508471,-0.437100329,0.292963682,0.412524456,0
-1.969013201,0.395205131,0.590498184,0.938517771,1.080244755,0.394338548,0.335869423,0.025736695,0.983081027,1.152790046,1
-0.462089094,0.766579046,-1.038653314,-0.150165133,1.834872683,-1.005285127,1.070441879,-0.380775789,-0.840560663,-0.891763621,1
0.654383585,-0.875375595,-0.163918667,-0.159432077,0.814523631,-0.470031053,0.849931602,-1.652990248,1.151519534,-1.358151218,1
0.158889921,-1.938822325,-1.219816187,-1.06645667,0.694742107,-0.979253695,-0.612557372,1.862279012,-0.121048261,0.589714258,1
0.976981416,0.252643801,-1.050594884,0.298307693,-1.840088341,-0.260838784,-1.578000565,0.303053694,-1.146948921,0.322834124,0
0.290394712,0.350987219,0.069622475,1.179650579,-1.760062137,1.37845109,-0.589826096,2.132819984,1.063885144,-0.26742909,0
-0.678991755,-0.131652698,-0.75181739,0.739381952,0.587487804,-1.187738212,-1.745201484,0.637370536,0.97944756,1.84500917,0
-0.055471342,-0.23018615,-1.552739003,0.076662179,-1.579741729,-1.260844412,0.757161936,-0.111009875,-0.451434846,-1.020503552,0
-0.593360562,0.870651002,1.699322138,-0.567004379,-0.519811387,0.716569968,0.711339909,-1.808922247,-0.01430519,0.122638745,1
-0.867519996,1.870091399,0.803797229,-0.022711605,-0.370165462,-1.556828513,-2.116165896,-0.548586479,0.113021779,-0.450901376,0
-0.39095992,0.678134758,-0.224672493,1.779609864,-1.499104647,-0.964274881,-1.374864929,-0.068846379,0.959068526,0.229038678,0
-0.614323785,1.427407551,0.052258768,1.153133988,-1.276321114,1.197191671,0.232594345,1.396965054,-0.983104698,0.358388559,0
-2.127560043,-0.947651774,1.194105876,-1.198139887,-0.194514236,-0.416091901,-1.023108094,-0.553591812,0.060694005,-0.297726514,1
-0.715054495,2.585602374,-0.744876082,0.747642469,0.388378524,-0.580253195,0.879061551,0.413541204,1.133714425,-0.72179684,0
-0.512330702,0.161151211,0.59643237,-0.633078758,0.657572732,-0.813937953,-0.024278625,-1.66905115,1.342212545,1.981211333,0
-0.132498272,1.051913209,-1.398055262,-0.211507902,-1.961178718,-1.25652772,0.497974159,-0.519477915,1.032586781,-0.750511646,0
0.580812673,-0.811016092,0.470813151,-0.369948816,2.2379037,-0.340683394,-1.510087481,-0.07738112,0.796188496,1.404127095,1
-1.332445303,-1.125816295,0.725268559,0.169837173,-0.011055754,1.272504945,0.51125907,-0.315723795,-0.850886485,0.179618461,1
-0.982328589,-0.324113542,0.042394121,0.990804139,1.83649177,0.539423434,0.00264057,0.973959039,-0.472133342,1.316693935,1
1.05205157,0.343700201,-1.203595119,0.43883151,0.047879915,0.020217541,1.233410063,-0.048633672,-1.781888386,-0.463687296,1
0.08985366,-1.803045961,-0.072216677,-1.085414041,-2.247638408,-0.368216663,-0.025950128,0.196996633,0.349183165,-0.489773718,1
0.272250026,0.972483158,-1.381024608,-1.212765847,-1.852345295,0.067687732,-0.891504113,-1.080564013,0.459762025,-0.767431528,0
1.116052489,0.782141164,-1.160504405,0.231742639,0.396368093,1.567846245,0.237768513,-0.376012234,-0.561929835,1.323069808,0
-1.102494408,-1.775794259,0.854387388,-0.29107807,0.058323046,0.258827141,-0.371431086,-1.042473804,1.099200125,0.355254257,1
1.667273985,-0.842906848,0.799255011,-0.214664589,1.209850759,-2.375308527,0.232137665,-0.583630657,0.749490053,-0.102425103,1
0.441342433,0.0023163,-1.220338137,0.772451223,-0.888375845,0.173774143,-0.690543803,-1.068358115,-0.069760413,1.47544568,0
-0.901351719,-0.034593731,1.075022875,-0.007272465,-0.243802452,2.470468378,0.859849966,0.209486064,0.585532745,0.166012604,0
-1.14886796,-0.718316114,-1.35075484,0.735343613,-0.363138559,-1.21803107,-1.045380991,0.782168388,0.918576266,-1.185296001,0
0.583976057,0.142892103,-1.743836296,-0.093749292,0.08116554,-1.198066904,1.552688693,0.415859724,1.453588317,1.367469952,0
-1.004507174,-0.479285021,-0.642071172,0.321891619,0.444595913,0.442869385,0.578160184,-1.196438021,-1.215126442,-0.192131996,1
1.19297251,-0.762409428,0.157205014,0.186922575,-0.058161731,0.053252223,2.230253928,1.169567596,-1.265185566,-0.382041292,1
0.177388345,0.646234278,0.4766708,1.671733184,-1.882568182,-0.312227301,-0.454940531,-0.660743814,0.975213168,0.569997412,0
-1.112138931,-2.204413793,0.117268126,-0.466590358,-0.885414718,-0.025584119,-0.909306604,0.089155871,0.710157871,0.240009212,1
-0.471750611,-1.794271626,0.796843058,-1.58615757,-0.852280266,-1.021925231,0.643312876,-0.871436166,0.501777249,-0.568871573,1
-0.087650031,0.11004919,-0.855069898,-0.362032107,-0.693101786,1.783420876,-1.279576567,-0.852118916,-0.497731982,-0.855499279,0
0.859920059,-0.401568661,1.355472519,-0.863117355,-1.252171723,-1.550060076,-1.523384981,2.871021103,0.060130474,-0.262038131,0
1.038515124,0.563390123,-0.223670117,1.991124355,-0.483052898,0.161298597,-0.739983131,-0.431029193,0.098836794,-1.323279583,0
-0.45384289,0.608081883,2.473279938,1.063477851,-0.113946897,0.9484016,0.184306116,1.247708684,-0.055288982,-0.438689317,1
-0.027092446,-0.611529046,-0.497200168,-1.808140974,1.409423037,-0.986791013,0.359638085,-1.157839911,0.857281102,-1.553011062,1
0.190514747,0.005236431,0.471933685,0.841835397,-0.077256824,1.786956109,0.616981348,-0.995478237,-0.770690158,-0.477272804,1
-0.437816275,0.261329253,-1.846599453,-1.520374369,-1.649243629,-1.117633388,0.473944102,0.213658431,-0.353464551,0.793815246,0
1.004628243,-0.924268823,1.56212191,0.633599007,0.039164512,0.084233039,1.060190697,-0.540406464,0.496693987,-1.502055869,1
-0.456032821,-0.052618675,-0.041572599,-0.316853327,-1.836712495,-0.201163046,1.162581766,-1.36479717,-0.035131814,1.075794005,0
0.757262781,1.270762484,-1.450158124,-1.056888155,-0.302822191,0.804941428,1.090868973,0.625371424,-0.343618213,1.882966423,0
0.27461683,0.117435746,1.825525829,-1.902241983,0.9328099,0.887270336,-0.61917393,-0.667313486,-1.000464682,0.939749408,1
2.018864732,-0.446642473,0.248598493,-1.366311721,2.303266424,0.001597026,0.958727733,1.178560719,1.174161905,-0.173315916,1
0.273311464,-1.30707464,-1.223823676,0.9162886,0.789403573,0.045765675,-0.792634681,-0.733899579,0.420219908,-0.49288768,1
-2.78833888,0.914431595,-0.412008151,-0.110132391,-0.61536666,-0.32104475,0.052624187,0.839836136,1.134352779,0.581880889,0
1.155362864,0.517365767,-2.115574128,0.050483275,0.699670695,-0.004057144,-0.713948785,-0.860507099,-0.317529316,-0.017363972,0
0.212104172,0.034832779,0.207297878,0.162373801,-1.601549644,-2.403867537,-0.188280006,0.238968861,-1.5162684,-0.307149656,0
1.271720141,-1.541346017,0.461629319,0.186131857,0.689331145,0.524129486,0.757834716,-1.18532026,0.40966349,-0.518530145,0
-0.858148594,0.434309602,-1.016979654,-0.79915187,-0.260195887,-1.268517824,-0.062135024,-1.667935697,-0.21586799,-1.363688476,1
-0.669736046,-0.285603462,-0.700842051,-0.33503702,-1.221916358,1.297805429,1.396215085,-0.83341442,1.093186346,-0.238732535,0
1.065845726,-0.147023236,0.777905929,0.069253006,0.351339326,-1.980479798,0.210258308,-1.090986223,-0.464566442,-1.725212153,1
0.533366236,0.306136143,0.638522723,0.224593713,1.656440445,0.515973401,-0.064347141,0.983286756,-1.479288017,-1.868669139,1
0.984043286,-0.981781133,-0.117639344,-1.887246649,-1.281591726,0.669352473,-0.246665233,-1.397645597,0.01409218,0.642081699,1
1.63256445,0.456587227,-0.71967703,1.223782922,0.462083458,0.278434296,-0.286657651,-1.327684917,0.414192775,0.85718894,0
1.894782099,-1.122156238,-0.050887641,-0.047450393,0.393051895,-1.188800708,-0.618131708,-0.703539809,-1.036073016,0.879121941,1
-1.071003173,1.385322932,0.560967332,1.360068919,0.130833379,-0.008067192,-1.575859681,-0.131061631,0.076163072,1.311450075,0
1.103131815,-0.255189508,1.962427161,0.686585755,-0.058064983,0.235738411,0.629153024,0.259249844,-1.39922061,-0.915490653,1
-0.732699613,0.333303551,2.20970759,1.25515271,-0.129797439,0.335204011,-0.907782722,0.971935936,-0.316834422,0.934508823,1
-1.358841431,0.958954519,1.740477524,-0.540767547,0.623497526,-1.858681239,-1.70959858,0.936728816,0.355315546,0.96930596,0
-0.262351534,-1.60905164,-0.449205618,1.215778724,-0.425991598,-1.488210162,-0.250311085,-0.361021891,0.234316175,-0.39338983,1
0.902418203,0.582895199,-1.253210296,0.519174443,-2.440431311,0.367969537,0.359372837,1.247548408,0.523425223,-0.203278439,0
1.155598369,-0.298218771,2.364845403,-1.736587437,-0.950226238,-0.797311451,0.292490521,0.251147485,-0.898744273,-0.79003275,0
0.847819743,-0.80462292,1.227326431,0.872647377,1.209836385,0.13272149,-0.197265258,0.463425465,0.48116043,-2.072256606,1
-1.762638971,-1.205982841,0.424311344,1.263604345,-0.238101178,0.164981059,-0.301780473,0.751268013,-0.357618158,0.280351808,1
1.215817057,-0.060574033,-0.207758823,0.133834827,2.344901696,0.064168765,-0.30604066,-1.222417554,1.02751442,-0.079716844,1
0.844492926,0.988471227,0.062626303,0.508014461,-1.182026749,-0.057610611,-0.294870444,-0.502296551,1.343462663,2.342467078,0
-1.513719129,-1.079224743,-0.252975318,0.08666743,0.147513221,0.232509038,1.472486367,-0.573778134,1.32532928,0.208321788,1
-0.151236147,-0.304718358,-0.431828146,0.374484842,0.169413506,-0.192742383,0.405564376,-1.839608077,-1.207650038,0.602722208,1
0.95736673,-0.590323322,1.937941302,0.34089877,-1.260871265,-1.564453866,0.480252338,0.409163703,1.442419324,-1.006159508,1
-1.510440563,0.084535792,-1.459528737,0.505871299,0.645158444,-0.054274261,1.282291833,0.713180842,1.268818453,-0.773611793,1
0.206946997,0.507805801,1.629152624,0.818490057,1.210237226,0.608839364,0.539704953,-1.306200565,1.153994728,-0.40110395,1
1.893245173,-0.544564807,1.125860529,1.327561443,-0.601125498,-0.741670588,1.368436542,0.44478691,0.689800465,0.56624596,1
-0.852644309,1.612874694,-0.370690974,0.961772977,-1.777397405,-0.140811832,-0.092064371,1.141361912,-1.109909258,0.089767793,0
-1.024992038,-0.807358769,-0.43767059,0.71800553,1.626494239,-0.82787677,0.717376897,-0.480482035,-0.468306717,0.380111493,1
0.172065076,1.271813569,0.401352127,-1.209712034,0.049374672,-0.542663324,2.528183148,0.756275224,-1.470906312,0.495692331,0
0.9981487,-0.599186896,-0.812352188,0.120589958,-0.037214094,0.802044838,-0.240503147,-1.632755169,-0.662359446,-0.739096637,1
0.640925052,-0.932830671,0.12119503,0.010890149,0.403625987,0.996494295,1.509011631,-1.132941948,0.583662651,-1.155217823,1
-2.162931453,-0.040529044,-0.558517528,0.249492879,-1.059649961,0.592109221,-1.179795772,0.384067971,-0.273158041,0.557590308,0
-0.068118675,-0.397281232,-1.815058527,-0.339268493,-2.012660815,0.75307818,0.379579932,0.628742026,0.272426776,0.195694664,0
-0.413120031,0.363774042,-1.21201159,1.306114637,-0.35139657,-0.027448442,1.329674774,1.15017597,0.425280672,1.560986943,0
-0.246174012,-0.007330493,-0.638649678,-0.5625356,1.235313883,-0.140387832,1.549682141,2.565695106,0.718145677,-1.722361594,1
-0.567162228,-0.327410646,-0.491010841,1.351734125,-0.03704395,1.951164166,-0.251937009,0.778306899,-0.141232236,-0.724546758,0
1.6123036,-0.991551306,0.802480528,-0.998600572,1.544914978,0.36019869,-0.723683993,-0.156844186,-1.408002132,0.055249516,0
-1.504235123,1.877933858,-0.596825843,1.288157903,0.469995044,-0.368352052,0.527653829,1.370931405,0.764618864,0.724777128,0
-0.635205138,0.724174408,-0.382682075,0.383940347,-0.126585329,0.339120402,-1.025621556,-1.161137156,-1.742252778,0.434857048,0
0.421441778,-0.475945143,0.29095283,-0.481504309,-0.004956419,-1.144003212,1.355333957,-1.889516024,0.465472194,1.254898073,0
-0.985244496,-0.602497793,-0.745958256,0.261121132,1.574754408,-1.474948018,-0.267823799,0.95425692,-1.375593996,-0.189257206,0
1.569000652,1.42406377,-1.205165715,1.238853136,0.55288096,0.901718781,-1.0802987,0.940768882,0.73720862,0.37879997,0
0.430091415,1.01366538,-0.037699438,-1.299687324,0.491468333,-1.234875304,-1.459259541,0.651339315,-1.156579594,2.327218467,0
2.121159232,-0.827956011,0.009745855,-0.315829272,1.279982149,-2.001457284,-0.181042001,0.016933293,0.465086838,-1.191844639,1
-1.681273361,-0.99146241,-0.650815233,-0.575813834,-1.03108201,-1.165712617,0.970481385,1.622058171,-0.589875869,0.316507133,0
-0.528047068,0.676132391,0.902679079,0.766212941,0.426949893,-1.143143268,0.157651325,-1.626027015,-0.6814512,-1.1022118,1
0.211667938,0.976801104,-0.907063467,0.532147531,-0.958414325,1.742232514,-0.454079884,-0.338316856,1.831336098,0.492147261,0
-1.235470931,-0.169846891,-0.363893669,1.018720154,-0.744635345,1.360410046,0.263971045,-0.404672338,-0.087685197,0.927797331,0
0.044388868,-0.738509377,0.136180848,-0.310776223,-0.168347877,1.610341163,0.32603139,-1.588709066,-0.698322008,-0.054743222,1
-1.272989818,1.21415585,0.141206754,-0.237659395,-1.431779066,-0.101644347,-0.741759873,-1.301426789,0.773763103,1.335673904,0
1.851092725,-0.211015572,-0.748722053,-0.465114649,0.860979633,-2.019839789,-0.140303407,1.013582834,-0.627499922,1.661719822,0
-0.937435049,0.02667034,-1.428797245,0.348833458,1.625530973,-0.426331837,-1.260491652,0.906060976,-0.92350968,0.319668813,1
-2.218931451,1.177409967,1.410271935,0.029691389,0.619757864,0.977592728,0.028826595,-0.092439964,0.648411698,-0.113129697,1
-0.858564743,-0.701457744,0.887221431,0.557361898,-1.143091034,0.522432389,0.29859382,-1.502025921,0.780582988,0.295865788,1
0.657054485,-0.382591173,-0.476218133,1.407661606,1.242741537,-2.272758197,-0.004307163,0.199892763,1.137713895,0.338415041,0
-2.069401212,-0.326117365,-0.028777685,0.453150795,-0.417277381,-1.137205589,-1.598777675,-0.505265334,0.448758742,0.116343434,0
1.002944629,-1.010011091,-0.955043225,1.105111728,1.164238762,-0.984295956,0.550193557,0.88624696,1.132309797,1.173458046,0
0.797117268,0.566185951,-0.193622368,1.263524739,-0.322230165,-0.045788424,0.3161958,-1.037712182,2.354215948,0.864907816,0
0.895731047,-1.306261986,-0.43984489,-0.96362104,-0.194624293,-0.822291335,0.629377274,1.230099617,-2.076887266,0.560584095,1
0.140299383,-1.967329351,-0.337316347,-1.135531423,-1.24199835,-0.838612508,0.128484218,-0.241419492,1.648504887,-0.68841857,1
1.300078972,-0.821035413,0.041804611,0.649627036,-0.159947953,-0.968150786,0.656727402,0.127272952,-0.223286676,-2.269134002,1
1.483491711,1.205785522,-0.798894094,1.305729618,-0.123210343,-0.518293594,-0.783235478,-0.397351541,1.861619266,0.911047928,0
0.114216905,-0.842566337,1.444546017,0.746192222,-0.648927276,-0.267978667,0.960556244,-0.184020548,-1.554570694,0.166786577,1
0.894907507,0.221348387,0.069231922,0.766645651,-1.06011268,-1.156310423,0.551328481,-1.040781598,0.0299262,1.900217696,0
-0.411618705,-0.16262569,1.92412547,-0.610542114,-0.360324211,1.344072613,0.866782489,-0.321809629,-0.435081335,-1.361734086,1
0.009402895,1.81565092,-0.325623013,0.710291418,1.17353832,-0.911058736,-0.500977558,0.235017535,0.124154979,-2.1882311,0
-0.306446097,1.036005388,0.375808865,1.955447803,-0.756154513,0.272264468,-1.486863274,1.658465559,1.406721492,0.135818186,0
-1.12286764,0.324218001,1.629242419,0.544722233,0.734247656,-1.50218066,1.348816229,-0.699953997,0.418993576,0.340991284,1
-2.012009888,-0.940477865,-0.972783215,-0.583358131,0.973721165,-0.684057289,-0.469676259,-0.516679841,0.298498273,0.231493091,1
0.509421879,-1.169816358,0.272173762,-0.748101646,-0.376545492,-1.310754533,1.19629726,-1.53915668,-0.498939615,-0.657783761,1
-0.462187822,-0.449933422,1.225384515,-1.444686913,0.820088713,-1.721665977,1.784473739,0.4781199,-0.241419407,-1.412922269,1
-0.108460933,0.022818107,-1.142375048,1.66871986,-0.93986311,-0.187356318,-1.340032342,0.76391749,-0.754971087,0.416706392,0
-0.334384121,-0.366190765,0.510496674,0.117568822,-1.586992581,0.237065361,-0.372074412,0.346789326,-1.722863246,1.484750776,0
0.390071917,-1.107945301,1.021562812,0.262821959,-0.771157136,-0.948413907,1.187256664,-0.339750415,-0.360710731,-1.725841487,1
-0.189740586,-0.446389579,-2.317286973,0.484319814,0.145331193,-0.113411525,0.669722966,-0.16505283,0.211507664,0.335904141,0
-0.081307369,0.959754668,-2.124477965,1.135044514,-0.438634394,0.040466846,-0.879340103,1.225796852,1.10005979,0.128915977,0
0.393747264,0.463370543,-2.012381705,0.866571207,-1.168180928,-0.160645125,-1.020153848,0.293303903,0.719079095,-0.927015371,0
0.289190503,-0.874933865,0.24733089,-0.03084367,0.082602953,0.814011022,2.014760563,-0.083476465,-1.179503781,-0.774740817,1
-0.939599369,0.36160398,1.078836211,0.661104625,-0.062595336,-1.869082776,1.12081132,-1.029345441,-0.224414864,0.730225647,1
-0.558854145,-0.266285274,0.237397694,1.120449106,0.251124965,1.995841764,-0.838484975,0.536116525,-0.820824289,-0.417861256,0
0.373421965,-0.425547837,-0.714751804,1.699293392,-0.680715584,-0.99290148,0.22465886,-0.312962716,-0.963303567,0.665033238,0
0.241580185,-0.687953568,0.619773724,0.974560014,-1.319152406,-1.401748934,-0.50800945,-0.012767419,0.067885908,-1.905321003,1
0.409237385,0.941897633,-1.075300166,-1.202290539,0.466089944,2.26279419,1.141227968,0.437797617,-0.462533987,-0.113137372,0
